{
  "admin_info": {
    "auth_url": "http://controller:5000/v3",
    "user_name": "admin",
    "password": "openstackb24g",
    "tenant_name": "admin",
    "user_domain_name": "Default"
  },
  "flavor_info": {
    "name": "1-1-1",
    "ram": "1024",
    "vcpus": "1",
    "disk": "1"
  },
  "aggregate_info": {
    "name": "comp1",
    "zone": "comp1",
    "hosts": ["compute"]
  },
  "image_info": {
    "name": "cirros",
    "image_source_url": "http://download.cirros-cloud.net/0.4.0/cirros-0.4.0-x86_64-disk.img",
    "container_format": "bare",
    "disk_format": "qcow2"
  },
  "network_info": {
    "name": "provider",
    "availability_zone_hints": ["nova"],
    "external": true,
    "shared": true,
    "admin_state_up": true
  },
  "subnet_info": {
    "name": "provider-sub",
    "cidr": "10.253.0.0/16",
    "ip_version": 4,
    "gateway_ip": "10.253.0.1",
    "dns_nameservers": ["10.254.4.10"],
    "allocation_pool": {
      "start": "10.253.15.180",
      "end": "10.253.15.190"
    }
  },
  "volume_info": {
    "name": "volume_1",
    "availability_zone": "vol-comp1",
    "size": 1,
    "description": "test volume"
  },
  "instance_info": {
    "name": "test-instance"
  },
  "secgroup_info": {
    "name": "test-secgroup",
    "description": "Test Security Group",
    "rule1": {
      "direction": "ingress",
      "ethertype": "IPv4",
      "protocol": "tcp",
      "port_range_min": 22,
      "port_range_max": 22,
      "remote_ip_prefix": "0.0.0.0/0"
    },
    "rule2": {
      "direction": "ingress",
      "ethertype": "IPv4",
      "port_range_min": -1,
      "port_range_max": -1,
      "protocol": "icmp",
      "remote_ip_prefix": "0.0.0.0/0"
    }
  }
}
